Path,Format,Options,Dataset,Number of vertices,Number of edges,Density,Mean degree,Best known solution value,Best known bound,Certificate path
graphcoloring/1-FullIns_3.col,dimacs,,graphcoloring,30,100,0.23,3,4,4,certificates/graphcoloring/graphcoloring/1-FullIns_3.col_solution.txt
graphcoloring/1-Insertions_4.col,dimacs,,graphcoloring,67,232,0.105,3,5,5,certificates/graphcoloring/graphcoloring/1-Insertions_4.col_solution.txt
graphcoloring/2-FullIns_3.col,dimacs,,graphcoloring,52,201,0.152,4,5,5,certificates/graphcoloring/graphcoloring/2-FullIns_3.col_solution.txt
graphcoloring/2-Insertions_3.col,dimacs,,graphcoloring,37,72,0.108,2,4,4,certificates/graphcoloring/graphcoloring/2-Insertions_3.col_solution.txt
graphcoloring/3-Insertions_3.col,dimacs,,graphcoloring,56,110,0.071,2,4,4,certificates/graphcoloring/graphcoloring/3-Insertions_3.col_solution.txt
graphcoloring/anna.col,dimacs,,graphcoloring,138,493,0.052,4,11,11,certificates/graphcoloring/graphcoloring/anna.col_solution.txt
graphcoloring/ash331GPIA.col,dimacs,,graphcoloring,662,4181,0.019,6,4,4,certificates/graphcoloring/graphcoloring/ash331GPIA.col_solution.txt
graphcoloring/david.col,dimacs,,graphcoloring,87,406,0.109,5,11,11,certificates/graphcoloring/graphcoloring/david.col_solution.txt
graphcoloring/DSJC125.1.col,dimacs,,graphcoloring,125,736,0.095,6,5.0,5,certificates/graphcoloring/graphcoloring/DSJC125.1.col_solution.txt
graphcoloring/DSJR500.1.col,dimacs,,graphcoloring,500,3555,0.028,7,12,12,certificates/graphcoloring/graphcoloring/DSJR500.1.col_solution.txt
graphcoloring/fpsol2.i.1.col,dimacs,,graphcoloring,496,11654,0.095,23,65,65,certificates/graphcoloring/graphcoloring/fpsol2.i.1.col_solution.txt
graphcoloring/fpsol2.i.2.col,dimacs,,graphcoloring,451,8691,0.086,19,30,30,certificates/graphcoloring/graphcoloring/fpsol2.i.2.col_solution.txt
graphcoloring/fpsol2.i.3.col,dimacs,,graphcoloring,425,8688,0.096,20,30,30,certificates/graphcoloring/graphcoloring/fpsol2.i.3.col_solution.txt
graphcoloring/games120.col,dimacs,,graphcoloring,120,638,0.089,5,9,9,certificates/graphcoloring/graphcoloring/games120.col_solution.txt
graphcoloring/homer.col,dimacs,,graphcoloring,561,1628,0.01,3,13,13,certificates/graphcoloring/graphcoloring/homer.col_solution.txt
graphcoloring/huck.col,dimacs,,graphcoloring,74,301,0.111,4,11,11,certificates/graphcoloring/graphcoloring/huck.col_solution.txt
graphcoloring/inithx.i.1.col,dimacs,,graphcoloring,864,18707,0.05,22,54,54,certificates/graphcoloring/graphcoloring/inithx.i.1.col_solution.txt
graphcoloring/inithx.i.2.col,dimacs,,graphcoloring,645,13979,0.067,22,31,31,certificates/graphcoloring/graphcoloring/inithx.i.2.col_solution.txt
graphcoloring/inithx.i.3.col,dimacs,,graphcoloring,621,13969,0.073,22,31,31,certificates/graphcoloring/graphcoloring/inithx.i.3.col_solution.txt
graphcoloring/jean.col,dimacs,,graphcoloring,80,254,0.08,3,10,10,certificates/graphcoloring/graphcoloring/jean.col_solution.txt
graphcoloring/le450_25a.col,dimacs,,graphcoloring,450,8260,0.082,18,25,25,certificates/graphcoloring/graphcoloring/le450_25a.col_solution.txt
graphcoloring/le450_25b.col,dimacs,,graphcoloring,450,8263,0.082,18,25,25,certificates/graphcoloring/graphcoloring/le450_25b.col_solution.txt
graphcoloring/le450_5c.col,dimacs,,graphcoloring,450,9803,0.097,22,5,5,certificates/graphcoloring/graphcoloring/le450_5c.col_solution.txt
graphcoloring/le450_5d.col,dimacs,,graphcoloring,450,9757,0.097,22,5,5,certificates/graphcoloring/graphcoloring/le450_5d.col_solution.txt
graphcoloring/miles1000.col,dimacs,,graphcoloring,128,3216,0.396,25,42,42,certificates/graphcoloring/graphcoloring/miles1000.col_solution.txt
graphcoloring/miles1500.col,dimacs,,graphcoloring,128,5198,0.64,41,73,73,certificates/graphcoloring/graphcoloring/miles1500.col_solution.txt
graphcoloring/miles250.col,dimacs,,graphcoloring,128,387,0.048,3,8,8,certificates/graphcoloring/graphcoloring/miles250.col_solution.txt
graphcoloring/miles500.col,dimacs,,graphcoloring,128,1170,0.144,9,20,20,certificates/graphcoloring/graphcoloring/miles500.col_solution.txt
graphcoloring/miles750.col,dimacs,,graphcoloring,128,2113,0.26,17,31,31,certificates/graphcoloring/graphcoloring/miles750.col_solution.txt
graphcoloring/mug88_1.col,dimacs,,graphcoloring,88,146,0.038,2,4,4,certificates/graphcoloring/graphcoloring/mug88_1.col_solution.txt
graphcoloring/mug88_25.col,dimacs,,graphcoloring,88,146,0.038,2,4,4,certificates/graphcoloring/graphcoloring/mug88_25.col_solution.txt
graphcoloring/mulsol.i.1.col,dimacs,,graphcoloring,197,3925,0.203,20,49,49,certificates/graphcoloring/graphcoloring/mulsol.i.1.col_solution.txt
graphcoloring/mulsol.i.2.col,dimacs,,graphcoloring,188,3885,0.221,21,31,31,certificates/graphcoloring/graphcoloring/mulsol.i.2.col_solution.txt
graphcoloring/mulsol.i.3.col,dimacs,,graphcoloring,184,3916,0.233,21,31,31,certificates/graphcoloring/graphcoloring/mulsol.i.3.col_solution.txt
graphcoloring/mulsol.i.4.col,dimacs,,graphcoloring,185,3946,0.232,21,31,31,certificates/graphcoloring/graphcoloring/mulsol.i.4.col_solution.txt
graphcoloring/mulsol.i.5.col,dimacs,,graphcoloring,186,3973,0.231,21,31,31,certificates/graphcoloring/graphcoloring/mulsol.i.5.col_solution.txt
graphcoloring/myciel3.col,dimacs,,graphcoloring,11,20,0.364,2,4,4,certificates/graphcoloring/graphcoloring/myciel3.col_solution.txt
graphcoloring/myciel4.col,dimacs,,graphcoloring,23,71,0.281,3,5,5,certificates/graphcoloring/graphcoloring/myciel4.col_solution.txt
graphcoloring/myciel5.col,dimacs,,graphcoloring,47,236,0.218,5,6,6,certificates/graphcoloring/graphcoloring/myciel5.col_solution.txt
graphcoloring/qg.order30.col,dimacs,,graphcoloring,900,26100,0.065,29,30,30,certificates/graphcoloring/graphcoloring/qg.order30.col_solution.txt
graphcoloring/queen5_5.col,dimacs,,graphcoloring,25,160,0.533,6,5,5,certificates/graphcoloring/graphcoloring/queen5_5.col_solution.txt
graphcoloring/queen6_6.col,dimacs,,graphcoloring,36,290,0.46,8,7,7,certificates/graphcoloring/graphcoloring/queen6_6.col_solution.txt
graphcoloring/queen7_7.col,dimacs,,graphcoloring,49,476,0.405,10,7,7,certificates/graphcoloring/graphcoloring/queen7_7.col_solution.txt
graphcoloring/queen8_12.col,dimacs,,graphcoloring,96,1368,0.3,14,12,12,certificates/graphcoloring/graphcoloring/queen8_12.col_solution.txt
graphcoloring/queen8_8.col,dimacs,,graphcoloring,64,728,0.361,11,9.0,9,certificates/graphcoloring/graphcoloring/queen8_8.col_solution.txt
graphcoloring/queen9_9.col,dimacs,,graphcoloring,81,1056,0.326,13,10.0,10,certificates/graphcoloring/graphcoloring/queen9_9.col_solution.txt
graphcoloring/r1000.1.col,dimacs,,graphcoloring,1000,14378,0.029,14,20,20,certificates/graphcoloring/graphcoloring/r1000.1.col_solution.txt
graphcoloring/r125.1.col,dimacs,,graphcoloring,125,209,0.027,2,5,5,certificates/graphcoloring/graphcoloring/r125.1.col_solution.txt
graphcoloring/r125.1c.col,dimacs,,graphcoloring,125,7501,0.968,60,46,46,certificates/graphcoloring/graphcoloring/r125.1c.col_solution.txt
graphcoloring/r125.5.col,dimacs,,graphcoloring,125,3838,0.495,31,36,36,certificates/graphcoloring/graphcoloring/r125.5.col_solution.txt
graphcoloring/r250.1.col,dimacs,,graphcoloring,250,867,0.028,3,8,8,certificates/graphcoloring/graphcoloring/r250.1.col_solution.txt
graphcoloring/r250.1c.col,dimacs,,graphcoloring,250,30227,0.971,121,64,64,certificates/graphcoloring/graphcoloring/r250.1c.col_solution.txt
graphcoloring/school1.col,dimacs,,graphcoloring,385,19095,0.258,50,14,14,certificates/graphcoloring/graphcoloring/school1.col_solution.txt
graphcoloring/will199GPIA.col,dimacs,,graphcoloring,701,6772,0.028,10,7,7,certificates/graphcoloring/graphcoloring/will199GPIA.col_solution.txt
graphcoloring/zeroin.i.1.col,dimacs,,graphcoloring,211,4100,0.185,19,49,49,certificates/graphcoloring/graphcoloring/zeroin.i.1.col_solution.txt
graphcoloring/zeroin.i.2.col,dimacs,,graphcoloring,211,3541,0.16,17,30,30,certificates/graphcoloring/graphcoloring/zeroin.i.2.col_solution.txt
graphcoloring/zeroin.i.3.col,dimacs,,graphcoloring,206,3540,0.168,17,30,30,certificates/graphcoloring/graphcoloring/zeroin.i.3.col_solution.txt
graphcoloring/1-FullIns_4.col,dimacs,,graphcoloring,93,593,0.139,6,5,5,certificates/graphcoloring/graphcoloring/1-FullIns_4.col_solution.txt
graphcoloring/2-FullIns_4.col,dimacs,,graphcoloring,212,1621,0.072,8,6,6,certificates/graphcoloring/graphcoloring/2-FullIns_4.col_solution.txt
graphcoloring/3-FullIns_3.col,dimacs,,graphcoloring,80,346,0.109,4,6,6,certificates/graphcoloring/graphcoloring/3-FullIns_3.col_solution.txt
graphcoloring/4-FullIns_3.col,dimacs,,graphcoloring,114,541,0.084,5,7,7,certificates/graphcoloring/graphcoloring/4-FullIns_3.col_solution.txt
graphcoloring/5-FullIns_3.col,dimacs,,graphcoloring,154,792,0.067,5,8,8,certificates/graphcoloring/graphcoloring/5-FullIns_3.col_solution.txt
graphcoloring/4-Insertions_3.col,dimacs,,graphcoloring,79,156,0.051,2,4,4,certificates/graphcoloring/graphcoloring/4-Insertions_3.col_solution.txt
graphcoloring/ash608GPIA.col,dimacs,,graphcoloring,1216,7844,0.011,6,4,4,certificates/graphcoloring/graphcoloring/ash608GPIA.col_solution.txt
graphcoloring/ash958GPIA.col,dimacs,,graphcoloring,1916,12506,0.007,7,4,4,certificates/graphcoloring/graphcoloring/ash958GPIA.col_solution.txt
graphcoloring/le450_15a.col,dimacs,,graphcoloring,450,8168,0.081,18,15.0,15,certificates/graphcoloring/graphcoloring/le450_15a.col_solution.txt
graphcoloring/mug100_1.col,dimacs,,graphcoloring,100,166,0.034,2,4,4,certificates/graphcoloring/graphcoloring/mug100_1.col_solution.txt
graphcoloring/mug100_25.col,dimacs,,graphcoloring,100,166,0.034,2,4,4,certificates/graphcoloring/graphcoloring/mug100_25.col_solution.txt
graphcoloring/qg.order40.col,dimacs,,graphcoloring,1600,62400,0.049,39,40,40,certificates/graphcoloring/graphcoloring/qg.order40.col_solution.txt
graphcoloring/wap05a.col,dimacs,,graphcoloring,905,43081,0.105,48,50,50,certificates/graphcoloring/graphcoloring/wap05a.col_solution.txt
graphcoloring/myciel6.col,dimacs,,graphcoloring,95,755,0.169,8,7,7,certificates/graphcoloring/graphcoloring/myciel6.col_solution.txt
graphcoloring/school1_nsh.col,dimacs,,graphcoloring,352,14612,0.237,42,14,14,certificates/graphcoloring/graphcoloring/school1_nsh.col_solution.txt
graphcoloring/flat300_28_0.col,dimacs,,graphcoloring,300,21695,0.484,72,28,28,
graphcoloring/r1000.5.col,dimacs,,graphcoloring,1000,238267,0.477,238,234,234,
graphcoloring/r250.5.col,dimacs,,graphcoloring,250,14849,0.477,59,65.0,65,certificates/graphcoloring/graphcoloring/r250.5.col_solution.txt
graphcoloring/DSJR500.5.col,dimacs,,graphcoloring,500,58862,0.472,118,122.0,122,certificates/graphcoloring/graphcoloring/DSJR500.5.col_solution.txt
graphcoloring/DSJR500.1c.col,dimacs,,graphcoloring,500,121275,0.972,243,85.0,85,certificates/graphcoloring/graphcoloring/DSJR500.1c.col_solution.txt
graphcoloring/DSJC125.5.col,dimacs,,graphcoloring,125,3891,0.502,31,17,17,
graphcoloring/DSJC125.9.col,dimacs,,graphcoloring,125,6961,0.898,56,44.0,44,certificates/graphcoloring/graphcoloring/DSJC125.9.col_solution.txt
graphcoloring/DSJC250.9.col,dimacs,,graphcoloring,250,27897,0.896,112,72.0,72,certificates/graphcoloring/graphcoloring/DSJC250.9.col_solution.txt
graphcoloring/queen10_10.col,dimacs,,graphcoloring,100,2940,0.594,29,11.0,11,certificates/graphcoloring/graphcoloring/queen10_10.col_solution.txt
graphcoloring/queen11_11.col,dimacs,,graphcoloring,121,3960,0.545,33,11,11,
graphcoloring/queen12_12.col,dimacs,,graphcoloring,144,5192,0.504,36,12,12,
graphcoloring/queen13_13.col,dimacs,,graphcoloring,169,6656,0.469,39,13,13,
graphcoloring/queen14_14.col,dimacs,,graphcoloring,196,4186,0.219,21,14,14,
graphcoloring/queen15_15.col,dimacs,,graphcoloring,225,5180,0.206,23,15,15,
graphcoloring/le450_5a.col,dimacs,,graphcoloring,450,5714,0.057,13,5.0,5,certificates/graphcoloring/graphcoloring/le450_5a.col_solution.txt
graphcoloring/le450_5b.col,dimacs,,graphcoloring,450,5734,0.057,13,5.0,5,certificates/graphcoloring/graphcoloring/le450_5b.col_solution.txt
graphcoloring/le450_15b.col,dimacs,,graphcoloring,450,8169,0.081,18,15.0,15,certificates/graphcoloring/graphcoloring/le450_15b.col_solution.txt
graphcoloring/le450_15c.col,dimacs,,graphcoloring,450,16680,0.165,37,15.0,15,certificates/graphcoloring/graphcoloring/le450_15c.col_solution.txt
graphcoloring/le450_15d.col,dimacs,,graphcoloring,450,16750,0.166,37,15.0,15,certificates/graphcoloring/graphcoloring/le450_15d.col_solution.txt
graphcoloring/le450_25c.col,dimacs,,graphcoloring,450,17343,0.172,39,25,25,
graphcoloring/le450_25d.col,dimacs,,graphcoloring,450,17425,0.172,39,25,25,
graphcoloring/myciel7.col,dimacs,,graphcoloring,191,2360,0.13,12,8,5,certificates/graphcoloring/graphcoloring/myciel7.col_solution.txt
graphcoloring/1-FullIns_5.col,dimacs,,graphcoloring,282,3247,0.082,12,6,4,certificates/graphcoloring/graphcoloring/1-FullIns_5.col_solution.txt
graphcoloring/2-FullIns_4.col,dimacs,,graphcoloring,212,1621,0.072,8,6,5,certificates/graphcoloring/graphcoloring/2-FullIns_4.col_solution.txt
graphcoloring/2-FullIns_5.col,dimacs,,graphcoloring,852,12201,0.034,14,7,5,certificates/graphcoloring/graphcoloring/2-FullIns_5.col_solution.txt
graphcoloring/3-FullIns_4.col,dimacs,,graphcoloring,405,3524,0.043,9,7,6,certificates/graphcoloring/graphcoloring/3-FullIns_4.col_solution.txt
graphcoloring/4-FullIns_4.col,dimacs,,graphcoloring,690,6650,0.028,10,8,7,certificates/graphcoloring/graphcoloring/4-FullIns_4.col_solution.txt
graphcoloring/5-FullIns_4.col,dimacs,,graphcoloring,1085,11395,0.019,11,9,8,certificates/graphcoloring/graphcoloring/5-FullIns_4.col_solution.txt
graphcoloring/1-Insertions_5.col,dimacs,,graphcoloring,202,1227,0.06,6,6,4,certificates/graphcoloring/graphcoloring/1-Insertions_5.col_solution.txt
graphcoloring/1-Insertions_6.col,dimacs,,graphcoloring,607,6337,0.034,10,7,3,certificates/graphcoloring/graphcoloring/1-Insertions_6.col_solution.txt
graphcoloring/2-Insertions_4.col,dimacs,,graphcoloring,149,541,0.049,4,5,3,certificates/graphcoloring/graphcoloring/2-Insertions_4.col_solution.txt
graphcoloring/2-Insertions_5.col,dimacs,,graphcoloring,597,3936,0.022,7,6,3,certificates/graphcoloring/graphcoloring/2-Insertions_5.col_solution.txt
graphcoloring/3-Insertions_4.col,dimacs,,graphcoloring,281,1046,0.027,4,5,3,certificates/graphcoloring/graphcoloring/3-Insertions_4.col_solution.txt
graphcoloring/3-Insertions_5.col,dimacs,,graphcoloring,1406,9695,0.01,7,6,3,certificates/graphcoloring/graphcoloring/3-Insertions_5.col_solution.txt
graphcoloring/4-Insertions_3.col,dimacs,,graphcoloring,79,156,0.051,2,4,3,certificates/graphcoloring/graphcoloring/4-Insertions_3.col_solution.txt
graphcoloring/4-Insertions_4.col,dimacs,,graphcoloring,475,1795,0.016,4,5,3,certificates/graphcoloring/graphcoloring/4-Insertions_4.col_solution.txt
graphcoloring/qg.order60.col,dimacs,,graphcoloring,3600,212400,0.033,59,60,60,certificates/graphcoloring/graphcoloring/qg.order60.col_solution.txt
graphcoloring/qg.order100.col,dimacs,,graphcoloring,10000,990000,0.02,99,100,100,
graphcoloring/DSJC250.1.col,dimacs,,graphcoloring,250,3218,0.103,13,8,6,
graphcoloring/DSJC250.5.col,dimacs,,graphcoloring,250,15668,0.503,63,28,26,
graphcoloring/DSJC500.1.col,dimacs,,graphcoloring,500,12458,0.1,25,12,9,
graphcoloring/DSJC500.5.col,dimacs,,graphcoloring,500,62624,0.502,125,47,43,
graphcoloring/DSJC500.9.col,dimacs,,graphcoloring,500,112437,0.901,225,126,123,
graphcoloring/DSJC1000.1.col,dimacs,,graphcoloring,1000,49629,0.099,50,20,10,
graphcoloring/DSJC1000.5.col,dimacs,,graphcoloring,1000,249826,0.5,250,82,73,
graphcoloring/DSJC1000.9.col,dimacs,,graphcoloring,1000,449449,0.9,449,222,216,
graphcoloring/flat1000_50_0.col,dimacs,,graphcoloring,1000,245000,0.49,245,50.0,15,certificates/graphcoloring/graphcoloring/flat1000_50_0.col_solution.txt
graphcoloring/flat1000_60_0.col,dimacs,,graphcoloring,1000,245830,0.492,246,60,14,
graphcoloring/flat1000_76_0.col,dimacs,,graphcoloring,1000,246708,0.494,247,81,14,
graphcoloring/r1000.1c.col,dimacs,,graphcoloring,1000,485090,0.971,485,98,96,
graphcoloring/abb313GPIA.col,dimacs,,graphcoloring,1557,53356,0.044,34,9,8,certificates/graphcoloring/graphcoloring/abb313GPIA.col_solution.txt
graphcoloring/latin_square_10.col,dimacs,,graphcoloring,900,307350,0.76,342,97,90,
graphcoloring/wap01a.col,dimacs,,graphcoloring,2368,110871,0.04,47,41.0,41,certificates/graphcoloring/graphcoloring/wap01a.col_solution.txt
graphcoloring/wap02a.col,dimacs,,graphcoloring,2464,111742,0.037,45,40.0,40,certificates/graphcoloring/graphcoloring/wap02a.col_solution.txt
graphcoloring/wap03a.col,dimacs,,graphcoloring,4730,286722,0.026,61,45.0,40,certificates/graphcoloring/graphcoloring/wap03a.col_solution.txt
graphcoloring/wap04a.col,dimacs,,graphcoloring,5231,294902,0.022,56,42,40,
graphcoloring/wap06a.col,dimacs,,graphcoloring,947,43571,0.097,46,40.0,40,certificates/graphcoloring/graphcoloring/wap06a.col_solution.txt
graphcoloring/wap07a.col,dimacs,,graphcoloring,1809,103368,0.063,57,41,40,
graphcoloring/wap08a.col,dimacs,,graphcoloring,1870,104176,0.06,56,41,40,
graphcoloring/C2000.5.col,dimacs,,graphcoloring,2000,999836,0.5,500,145,99,
graphcoloring/C4000.5.col,dimacs,,graphcoloring,4000,4000268,0.5,1000,259,107,
gebremedhin2013/msdoor.mtx,matrixmarket,,gebremedhin2013,415863,9912536,0,24,27.0,21,certificates/gebremedhin2013/gebremedhin2013/msdoor.mtx_solution.txt
gebremedhin2013/ldoor.mtx,matrixmarket,,gebremedhin2013,952203,22785136,0,24,28.0,21,certificates/gebremedhin2013/gebremedhin2013/ldoor.mtx_solution.txt
gebremedhin2013/shipsec1.mtx,matrixmarket,,gebremedhin2013,140874,3836265,0,27,28.0,24,certificates/gebremedhin2013/gebremedhin2013/shipsec1.mtx_solution.txt
gebremedhin2013/shipsec5.mtx,matrixmarket,,gebremedhin2013,179860,4966618,0,28,28.0,24,certificates/gebremedhin2013/gebremedhin2013/shipsec5.mtx_solution.txt
gebremedhin2013/pkustk11.mtx,matrixmarket,,gebremedhin2013,87804,2565054,0.001,29,36,36,certificates/gebremedhin2013/gebremedhin2013/pkustk11.mtx_solution.txt
gebremedhin2013/ct20stif.mtx,matrixmarket,,gebremedhin2013,52329,1323067,0.001,25,47,47,certificates/gebremedhin2013/gebremedhin2013/ct20stif.mtx_solution.txt
gebremedhin2013/pwtk.mtx,matrixmarket,,gebremedhin2013,217918,5708253,0,26,27,24,certificates/gebremedhin2013/gebremedhin2013/pwtk.mtx_solution.txt
gebremedhin2013/pkustk13.mtx,matrixmarket,,gebremedhin2013,94893,3260967,0.001,34,36.0,36,certificates/gebremedhin2013/gebremedhin2013/pkustk13.mtx_solution.txt
gebremedhin2013/nasasrb.mtx,matrixmarket,,gebremedhin2013,54870,1311227,0.001,24,25.0,24,certificates/gebremedhin2013/gebremedhin2013/nasasrb.mtx_solution.txt
gebremedhin2013/bmw3_2.mtx,matrixmarket,,gebremedhin2013,227362,5530634,0,24,36,36,certificates/gebremedhin2013/gebremedhin2013/bmw3_2.mtx_solution.txt
rossi2014/bio-celegans/bio-celegans.mtx,matrixmarket,,rossi2014,,,,,9,9,certificates/rossi2014/rossi2014/bio-celegans/bio-celegans.mtx_solution.txt
rossi2014/bio-diseasome/bio-diseasome.mtx,matrixmarket,,rossi2014,,,,,11,11,certificates/rossi2014/rossi2014/bio-diseasome/bio-diseasome.mtx_solution.txt
rossi2014/bio-dmela/bio-dmela.mtx,matrixmarket,,rossi2014,,,,,7,7,certificates/rossi2014/rossi2014/bio-dmela/bio-dmela.mtx_solution.txt
rossi2014/bio-yeast/bio-yeast.mtx,matrixmarket,,rossi2014,,,,,6,6,certificates/rossi2014/rossi2014/bio-yeast/bio-yeast.mtx_solution.txt
rossi2014/ca-AstroPh/ca-AstroPh.mtx,matrixmarket,,rossi2014,,,,,57,57,certificates/rossi2014/rossi2014/ca-AstroPh/ca-AstroPh.mtx_solution.txt
rossi2014/ca-citeseer/ca-citeseer.mtx,matrixmarket,,rossi2014,,,,,87,87,certificates/rossi2014/rossi2014/ca-citeseer/ca-citeseer.mtx_solution.txt
rossi2014/ca-CondMat/ca-CondMat.mtx,matrixmarket,,rossi2014,,,,,26,26,certificates/rossi2014/rossi2014/ca-CondMat/ca-CondMat.mtx_solution.txt
rossi2014/ca-CSphd/ca-CSphd.mtx,matrixmarket,,rossi2014,,,,,3,3,certificates/rossi2014/rossi2014/ca-CSphd/ca-CSphd.mtx_solution.txt
rossi2014/ca-dblp-2010/ca-dblp-2010.mtx,matrixmarket,,rossi2014,,,,,75,75,certificates/rossi2014/rossi2014/ca-dblp-2010/ca-dblp-2010.mtx_solution.txt
rossi2014/ca-dblp-2012/ca-dblp-2012.mtx,matrixmarket,,rossi2014,,,,,114,114,certificates/rossi2014/rossi2014/ca-dblp-2012/ca-dblp-2012.mtx_solution.txt
rossi2014/ca-Erdos992/ca-Erdos992.mtx,matrixmarket,,rossi2014,,,,,8,8,certificates/rossi2014/rossi2014/ca-Erdos992/ca-Erdos992.mtx_solution.txt
rossi2014/ca-GrQc/ca-GrQc.mtx,matrixmarket,,rossi2014,,,,,44,44,certificates/rossi2014/rossi2014/ca-GrQc/ca-GrQc.mtx_solution.txt
rossi2014/ca-HepPh/ca-HepPh.mtx,matrixmarket,,rossi2014,,,,,239,239,certificates/rossi2014/rossi2014/ca-HepPh/ca-HepPh.mtx_solution.txt
rossi2014/ca-hollywood-2009/ca-hollywood-2009.mtx,matrixmarket,,rossi2014,,,,,2209,2209,certificates/rossi2014/rossi2014/ca-hollywood-2009/ca-hollywood-2009.mtx_solution.txt
rossi2014/ca-MathSciNet/ca-MathSciNet.mtx,matrixmarket,,rossi2014,,,,,25,25,certificates/rossi2014/rossi2014/ca-MathSciNet/ca-MathSciNet.mtx_solution.txt
rossi2014/ca-netscience/ca-netscience.mtx,matrixmarket,,rossi2014,,,,,9,9,certificates/rossi2014/rossi2014/ca-netscience/ca-netscience.mtx_solution.txt
rossi2014/socfb-A-anon/socfb-A-anon.mtx,matrixmarket,,rossi2014,,,,,25.0,0,certificates/rossi2014/rossi2014/socfb-A-anon/socfb-A-anon.mtx_solution.txt
rossi2014/socfb-B-anon/socfb-B-anon.mtx,matrixmarket,,rossi2014,,,,,24.0,24,certificates/rossi2014/rossi2014/socfb-B-anon/socfb-B-anon.mtx_solution.txt
rossi2014/socfb-Berkeley13/socfb-Berkeley13.mtx,matrixmarket,,rossi2014,,,,,42,42,certificates/rossi2014/rossi2014/socfb-Berkeley13/socfb-Berkeley13.mtx_solution.txt
rossi2014/socfb-CMU/socfb-CMU.mtx,matrixmarket,,rossi2014,,,,,45,45,certificates/rossi2014/rossi2014/socfb-CMU/socfb-CMU.mtx_solution.txt
rossi2014/socfb-Duke14/socfb-Duke14.mtx,matrixmarket,,rossi2014,,,,,40.0,0,certificates/rossi2014/rossi2014/socfb-Duke14/socfb-Duke14.mtx_solution.txt
rossi2014/socfb-Indiana/socfb-Indiana.mtx,matrixmarket,,rossi2014,,,,,48,48,certificates/rossi2014/rossi2014/socfb-Indiana/socfb-Indiana.mtx_solution.txt
rossi2014/socfb-MIT/socfb-MIT.mtx,matrixmarket,,rossi2014,,,,,37.0,0,certificates/rossi2014/rossi2014/socfb-MIT/socfb-MIT.mtx_solution.txt
rossi2014/socfb-OR/socfb-OR.mtx,matrixmarket,,rossi2014,,,,,30.0,0,certificates/rossi2014/rossi2014/socfb-OR/socfb-OR.mtx_solution.txt
rossi2014/socfb-Penn94/socfb-Penn94.mtx,matrixmarket,,rossi2014,,,,,44,44,certificates/rossi2014/rossi2014/socfb-Penn94/socfb-Penn94.mtx_solution.txt
rossi2014/socfb-Stanford3/socfb-Stanford3.mtx,matrixmarket,,rossi2014,,,,,51,51,certificates/rossi2014/rossi2014/socfb-Stanford3/socfb-Stanford3.mtx_solution.txt
rossi2014/socfb-Texas84/socfb-Texas84.mtx,matrixmarket,,rossi2014,,,,,52.0,0,certificates/rossi2014/rossi2014/socfb-Texas84/socfb-Texas84.mtx_solution.txt
rossi2014/socfb-UCLA/socfb-UCLA.mtx,matrixmarket,,rossi2014,,,,,51,51,certificates/rossi2014/rossi2014/socfb-UCLA/socfb-UCLA.mtx_solution.txt
rossi2014/socfb-UConn/socfb-UConn.mtx,matrixmarket,,rossi2014,,,,,50,50,certificates/rossi2014/rossi2014/socfb-UConn/socfb-UConn.mtx_solution.txt
rossi2014/socfb-UCSB37/socfb-UCSB37.mtx,matrixmarket,,rossi2014,,,,,53.0,53,certificates/rossi2014/rossi2014/socfb-UCSB37/socfb-UCSB37.mtx_solution.txt
rossi2014/socfb-UF/socfb-UF.mtx,matrixmarket,,rossi2014,,,,,55.0,0,certificates/rossi2014/rossi2014/socfb-UF/socfb-UF.mtx_solution.txt
rossi2014/socfb-UIllinois/socfb-UIllinois.mtx,matrixmarket,,rossi2014,,,,,57,57,certificates/rossi2014/rossi2014/socfb-UIllinois/socfb-UIllinois.mtx_solution.txt
rossi2014/socfb-Wisconsin87/socfb-Wisconsin87.mtx,matrixmarket,,rossi2014,,,,,37.0,0,certificates/rossi2014/rossi2014/socfb-Wisconsin87/socfb-Wisconsin87.mtx_solution.txt
rossi2014/inf-power/inf-power.mtx,matrixmarket,,rossi2014,,,,,6,6,certificates/rossi2014/rossi2014/inf-power/inf-power.mtx_solution.txt
rossi2014/inf-roadNet-CA/inf-roadNet-CA.mtx,matrixmarket,,rossi2014,,,,,4,4,certificates/rossi2014/rossi2014/inf-roadNet-CA/inf-roadNet-CA.mtx_solution.txt
rossi2014/inf-roadNet-PA/inf-roadNet-PA.mtx,matrixmarket,,rossi2014,,,,,4,4,certificates/rossi2014/rossi2014/inf-roadNet-PA/inf-roadNet-PA.mtx_solution.txt
rossi2014/ia-email-EU/ia-email-EU.mtx,matrixmarket,,rossi2014,,,,,13.0,0,certificates/rossi2014/rossi2014/ia-email-EU/ia-email-EU.mtx_solution.txt
rossi2014/ia-email-univ/ia-email-univ.mtx,matrixmarket,,rossi2014,,,,,12,12,certificates/rossi2014/rossi2014/ia-email-univ/ia-email-univ.mtx_solution.txt
rossi2014/ia-enron-large/ia-enron-large.mtx,matrixmarket,,rossi2014,,,,,23.0,0,certificates/rossi2014/rossi2014/ia-enron-large/ia-enron-large.mtx_solution.txt
rossi2014/ia-enron-only/ia-enron-only.mtx,matrixmarket,,rossi2014,,,,,8,8,certificates/rossi2014/rossi2014/ia-enron-only/ia-enron-only.mtx_solution.txt
rossi2014/ia-fb-messages/ia-fb-messages.mtx,matrixmarket,,rossi2014,,,,,6,0,
rossi2014/ia-infect-dublin/ia-infect-dublin.mtx,matrixmarket,,rossi2014,,,,,16,16,certificates/rossi2014/rossi2014/ia-infect-dublin/ia-infect-dublin.mtx_solution.txt
rossi2014/ia-infect-hyper/ia-infect-hyper.mtx,matrixmarket,,rossi2014,,,,,16,0,certificates/rossi2014/rossi2014/ia-infect-hyper/ia-infect-hyper.mtx_solution.txt
rossi2014/ia-reality/ia-reality.mtx,matrixmarket,,rossi2014,,,,,5,5,certificates/rossi2014/rossi2014/ia-reality/ia-reality.mtx_solution.txt
rossi2014/ia-wiki-Talk/ia-wiki-Talk.mtx,matrixmarket,,rossi2014,,,,,25.0,0,certificates/rossi2014/rossi2014/ia-wiki-Talk/ia-wiki-Talk.mtx_solution.txt
rossi2014/rec-amazon/rec-amazon.mtx,matrixmarket,,rossi2014,,,,,5,5,certificates/rossi2014/rossi2014/rec-amazon/rec-amazon.mtx_solution.txt
rossi2014/rt-retweet-crawl/rt-retweet-crawl.mtx,matrixmarket,,rossi2014,,,,,13,13,certificates/rossi2014/rossi2014/rt-retweet-crawl/rt-retweet-crawl.mtx_solution.txt
rossi2014/rt-retweet/rt-retweet.mtx,matrixmarket,,rossi2014,,,,,4,4,certificates/rossi2014/rossi2014/rt-retweet/rt-retweet.mtx_solution.txt
rossi2014/rt-twitter-copen/rt-twitter-copen.mtx,matrixmarket,,rossi2014,,,,,4,4,certificates/rossi2014/rossi2014/rt-twitter-copen/rt-twitter-copen.mtx_solution.txt
rossi2014/soc-BlogCatalog/soc-BlogCatalog.mtx,matrixmarket,,rossi2014,,,,,75.0,0,certificates/rossi2014/rossi2014/soc-BlogCatalog/soc-BlogCatalog.mtx_solution.txt
rossi2014/soc-brightkite/soc-brightkite.mtx,matrixmarket,,rossi2014,,,,,37,37,certificates/rossi2014/rossi2014/soc-brightkite/soc-brightkite.mtx_solution.txt
rossi2014/soc-buzznet/soc-buzznet.mtx,matrixmarket,,rossi2014,,,,,50,0,certificates/rossi2014/rossi2014/soc-buzznet/soc-buzznet.mtx_solution.txt
rossi2014/soc-delicious/soc-delicious.mtx,matrixmarket,,rossi2014,,,,,21,21,certificates/rossi2014/rossi2014/soc-delicious/soc-delicious.mtx_solution.txt
rossi2014/soc-digg/soc-digg.mtx,matrixmarket,,rossi2014,,,,,50.0,0,certificates/rossi2014/rossi2014/soc-digg/soc-digg.mtx_solution.txt
rossi2014/soc-dolphins/soc-dolphins.mtx,matrixmarket,,rossi2014,,,,,5,5,certificates/rossi2014/rossi2014/soc-dolphins/soc-dolphins.mtx_solution.txt
rossi2014/soc-douban/soc-douban.mtx,matrixmarket,,rossi2014,,,,,11,11,certificates/rossi2014/rossi2014/soc-douban/soc-douban.mtx_solution.txt
rossi2014/soc-epinions/soc-epinions.mtx,matrixmarket,,rossi2014,,,,,17.0,0,certificates/rossi2014/rossi2014/soc-epinions/soc-epinions.mtx_solution.txt
rossi2014/soc-flickr/soc-flickr.mtx,matrixmarket,,rossi2014,,,,,89.0,0,certificates/rossi2014/rossi2014/soc-flickr/soc-flickr.mtx_solution.txt
rossi2014/soc-flixster/soc-flixster.mtx,matrixmarket,,rossi2014,,,,,34.0,0,certificates/rossi2014/rossi2014/soc-flixster/soc-flixster.mtx_solution.txt
rossi2014/soc-FourSquare/soc-FourSquare.mtx,matrixmarket,,rossi2014,,,,,31,0,certificates/rossi2014/rossi2014/soc-FourSquare/soc-FourSquare.mtx_solution.txt
rossi2014/soc-gowalla/soc-gowalla.mtx,matrixmarket,,rossi2014,,,,,29,29,certificates/rossi2014/rossi2014/soc-gowalla/soc-gowalla.mtx_solution.txt
rossi2014/soc-karate/soc-karate.mtx,matrixmarket,,rossi2014,,,,,5,5,certificates/rossi2014/rossi2014/soc-karate/soc-karate.mtx_solution.txt
rossi2014/soc-lastfm/soc-lastfm.mtx,matrixmarket,,rossi2014,,,,,19.0,0,certificates/rossi2014/rossi2014/soc-lastfm/soc-lastfm.mtx_solution.txt
rossi2014/soc-livejournal/soc-livejournal.mtx,matrixmarket,,rossi2014,,,,,214,214,certificates/rossi2014/rossi2014/soc-livejournal/soc-livejournal.mtx_solution.txt
rossi2014/soc-LiveMocha/soc-LiveMocha.mtx,matrixmarket,,rossi2014,,,,,25,0,
rossi2014/soc-orkut/soc-orkut.mtx,matrixmarket,,rossi2014,,,,,68,0,certificates/rossi2014/rossi2014/soc-orkut/soc-orkut.mtx_solution.txt
rossi2014/soc-pokec/soc-pokec.mtx,matrixmarket,,rossi2014,,,,,29,29,certificates/rossi2014/rossi2014/soc-pokec/soc-pokec.mtx_solution.txt
rossi2014/soc-slashdot/soc-slashdot.mtx,matrixmarket,,rossi2014,,,,,29.0,0,certificates/rossi2014/rossi2014/soc-slashdot/soc-slashdot.mtx_solution.txt
rossi2014/soc-twitter-follows/soc-twitter-follows.mtx,matrixmarket,,rossi2014,,,,,6.0,6,certificates/rossi2014/rossi2014/soc-twitter-follows/soc-twitter-follows.mtx_solution.txt
rossi2014/soc-wiki-Vote/soc-wiki-Vote.mtx,matrixmarket,,rossi2014,,,,,7,7,certificates/rossi2014/rossi2014/soc-wiki-Vote/soc-wiki-Vote.mtx_solution.txt
rossi2014/soc-youtube-snap/soc-youtube-snap.mtx,matrixmarket,,rossi2014,,,,,22,0,
rossi2014/soc-youtube/soc-youtube.mtx,matrixmarket,,rossi2014,,,,,23.0,0,certificates/rossi2014/rossi2014/soc-youtube/soc-youtube.mtx_solution.txt
rossi2014/tech-as-caida2007/tech-as-caida2007.mtx,matrixmarket,,rossi2014,,,,,16,16,certificates/rossi2014/rossi2014/tech-as-caida2007/tech-as-caida2007.mtx_solution.txt
rossi2014/tech-as-skitter/tech-as-skitter.mtx,matrixmarket,,rossi2014,,,,,67.0,67,certificates/rossi2014/rossi2014/tech-as-skitter/tech-as-skitter.mtx_solution.txt
rossi2014/tech-internet-as/tech-internet-as.mtx,matrixmarket,,rossi2014,,,,,16,16,certificates/rossi2014/rossi2014/tech-internet-as/tech-internet-as.mtx_solution.txt
rossi2014/tech-p2p-gnutella/tech-p2p-gnutella.mtx,matrixmarket,,rossi2014,,,,,5,0,certificates/rossi2014/rossi2014/tech-p2p-gnutella/tech-p2p-gnutella.mtx_solution.txt
rossi2014/tech-RL-caida/tech-RL-caida.mtx,matrixmarket,,rossi2014,,,,,17,17,certificates/rossi2014/rossi2014/tech-RL-caida/tech-RL-caida.mtx_solution.txt
rossi2014/tech-routers-rf/tech-routers-rf.mtx,matrixmarket,,rossi2014,,,,,16,16,certificates/rossi2014/rossi2014/tech-routers-rf/tech-routers-rf.mtx_solution.txt
rossi2014/tech-WHOIS/tech-WHOIS.mtx,matrixmarket,,rossi2014,,,,,58.0,58,certificates/rossi2014/rossi2014/tech-WHOIS/tech-WHOIS.mtx_solution.txt
rossi2014/web-arabic-2005/web-arabic-2005.mtx,matrixmarket,,rossi2014,,,,,102,102,certificates/rossi2014/rossi2014/web-arabic-2005/web-arabic-2005.mtx_solution.txt
rossi2014/web-BerkStan/web-BerkStan.mtx,matrixmarket,,rossi2014,,,,,29,29,certificates/rossi2014/rossi2014/web-BerkStan/web-BerkStan.mtx_solution.txt
rossi2014/web-edu/web-edu.mtx,matrixmarket,,rossi2014,,,,,30,30,certificates/rossi2014/rossi2014/web-edu/web-edu.mtx_solution.txt
rossi2014/web-google/web-google.mtx,matrixmarket,,rossi2014,,,,,18,18,certificates/rossi2014/rossi2014/web-google/web-google.mtx_solution.txt
rossi2014/web-indochina-2004/web-indochina-2004.mtx,matrixmarket,,rossi2014,,,,,50,50,certificates/rossi2014/rossi2014/web-indochina-2004/web-indochina-2004.mtx_solution.txt
rossi2014/web-it-2004/web-it-2004.mtx,matrixmarket,,rossi2014,,,,,432,432,certificates/rossi2014/rossi2014/web-it-2004/web-it-2004.mtx_solution.txt
rossi2014/web-polblogs/web-polblogs.mtx,matrixmarket,,rossi2014,,,,,10,0,certificates/rossi2014/rossi2014/web-polblogs/web-polblogs.mtx_solution.txt
rossi2014/web-sk-2005/web-sk-2005.mtx,matrixmarket,,rossi2014,,,,,82,82,certificates/rossi2014/rossi2014/web-sk-2005/web-sk-2005.mtx_solution.txt
rossi2014/web-spam/web-spam.mtx,matrixmarket,,rossi2014,,,,,20,20,certificates/rossi2014/rossi2014/web-spam/web-spam.mtx_solution.txt
rossi2014/web-uk-2005/web-uk-2005.mtx,matrixmarket,,rossi2014,,,,,500,500,certificates/rossi2014/rossi2014/web-uk-2005/web-uk-2005.mtx_solution.txt
rossi2014/web-webbase-2001/web-webbase-2001.mtx,matrixmarket,,rossi2014,,,,,33,33,certificates/rossi2014/rossi2014/web-webbase-2001/web-webbase-2001.mtx_solution.txt
rossi2014/web-wikipedia2009/web-wikipedia2009.mtx,matrixmarket,,rossi2014,,,,,31,31,certificates/rossi2014/rossi2014/web-wikipedia2009/web-wikipedia2009.mtx_solution.txt
verma2015/dimacs2010_heavytail/as-22july06.graph,dimacs2010,,verma2015_dimacs2010_heavytail,,,,,17,17,certificates/verma2015_dimacs2010_heavytail/verma2015/dimacs2010_heavytail/as-22july06.graph_solution.txt
verma2015/dimacs2010_heavytail/caidaRouterLevel.graph,dimacs2010,,verma2015_dimacs2010_heavytail,,,,,17,17,certificates/verma2015_dimacs2010_heavytail/verma2015/dimacs2010_heavytail/caidaRouterLevel.graph_solution.txt
verma2015/dimacs2010_heavytail/citationCiteseer.graph,dimacs2010,,verma2015_dimacs2010_heavytail,,,,,13,13,certificates/verma2015_dimacs2010_heavytail/verma2015/dimacs2010_heavytail/citationCiteseer.graph_solution.txt
verma2015/dimacs2010_heavytail/cnr-2000.graph,dimacs2010,,verma2015_dimacs2010_heavytail,,,,,84,84,certificates/verma2015_dimacs2010_heavytail/verma2015/dimacs2010_heavytail/cnr-2000.graph_solution.txt
verma2015/dimacs2010_heavytail/coAuthorsCiteseer.graph,dimacs2010,,verma2015_dimacs2010_heavytail,,,,,87,87,certificates/verma2015_dimacs2010_heavytail/verma2015/dimacs2010_heavytail/coAuthorsCiteseer.graph_solution.txt
verma2015/dimacs2010_heavytail/coAuthorsDBLP.graph,dimacs2010,,verma2015_dimacs2010_heavytail,,,,,115,115,certificates/verma2015_dimacs2010_heavytail/verma2015/dimacs2010_heavytail/coAuthorsDBLP.graph_solution.txt
verma2015/dimacs2010_heavytail/cond-mat-2005.graph,dimacs2010,,verma2015_dimacs2010_heavytail,,,,,30,30,certificates/verma2015_dimacs2010_heavytail/verma2015/dimacs2010_heavytail/cond-mat-2005.graph_solution.txt
verma2015/dimacs2010_heavytail/coPapersCiteseer.graph,dimacs2010,,verma2015_dimacs2010_heavytail,,,,,845,845,certificates/verma2015_dimacs2010_heavytail/verma2015/dimacs2010_heavytail/coPapersCiteseer.graph_solution.txt
verma2015/dimacs2010_heavytail/coPapersDBLP.graph,dimacs2010,,verma2015_dimacs2010_heavytail,,,,,337,337,certificates/verma2015_dimacs2010_heavytail/verma2015/dimacs2010_heavytail/coPapersDBLP.graph_solution.txt
verma2015/dimacs2010_heavytail/eu-2005.graph,dimacs2010,,verma2015_dimacs2010_heavytail,,,,,387,387,certificates/verma2015_dimacs2010_heavytail/verma2015/dimacs2010_heavytail/eu-2005.graph_solution.txt
verma2015/dimacs2010_heavytail/in-2004.graph,dimacs2010,,verma2015_dimacs2010_heavytail,,,,,489,489,certificates/verma2015_dimacs2010_heavytail/verma2015/dimacs2010_heavytail/in-2004.graph_solution.txt
verma2015/dimacs2010_heavytail/kron_g500-simple-logn16.graph,dimacs2010,,verma2015_dimacs2010_heavytail,,,,,146.0,0,certificates/verma2015_dimacs2010_heavytail/verma2015/dimacs2010_heavytail/kron_g500-simple-logn16.graph_solution.txt
verma2015/dimacs2010_heavytail/rgg_n_2_17_s0.graph,dimacs2010,,verma2015_dimacs2010_heavytail,,,,,15,15,certificates/verma2015_dimacs2010_heavytail/verma2015/dimacs2010_heavytail/rgg_n_2_17_s0.graph_solution.txt
verma2015/dimacs2010_heavytail/rgg_n_2_19_s0.graph,dimacs2010,,verma2015_dimacs2010_heavytail,,,,,18,18,certificates/verma2015_dimacs2010_heavytail/verma2015/dimacs2010_heavytail/rgg_n_2_19_s0.graph_solution.txt
verma2015/dimacs2010_heavytail/rgg_n_2_20_s0.graph,dimacs2010,,verma2015_dimacs2010_heavytail,,,,,17,17,certificates/verma2015_dimacs2010_heavytail/verma2015/dimacs2010_heavytail/rgg_n_2_20_s0.graph_solution.txt
verma2015/dimacs2010_heavytail/rgg_n_2_21_s0.graph,dimacs2010,,verma2015_dimacs2010_heavytail,,,,,19,19,certificates/verma2015_dimacs2010_heavytail/verma2015/dimacs2010_heavytail/rgg_n_2_21_s0.graph_solution.txt
verma2015/dimacs2010_heavytail/rgg_n_2_22_s0.graph,dimacs2010,,verma2015_dimacs2010_heavytail,,,,,20,20,certificates/verma2015_dimacs2010_heavytail/verma2015/dimacs2010_heavytail/rgg_n_2_22_s0.graph_solution.txt
verma2015/dimacs2010_heavytail/rgg_n_2_23_s0.graph,dimacs2010,,verma2015_dimacs2010_heavytail,,,,,21,21,certificates/verma2015_dimacs2010_heavytail/verma2015/dimacs2010_heavytail/rgg_n_2_23_s0.graph_solution.txt
verma2015/dimacs2010_heavytail/rgg_n_2_24_s0.graph,dimacs2010,,verma2015_dimacs2010_heavytail,,,,,21,21,certificates/verma2015_dimacs2010_heavytail/verma2015/dimacs2010_heavytail/rgg_n_2_24_s0.graph_solution.txt
verma2015/dimacs2010_heavytail/uk-2002.graph,dimacs2010,,verma2015_dimacs2010_heavytail,,,,,944,944,certificates/verma2015_dimacs2010_heavytail/verma2015/dimacs2010_heavytail/uk-2002.graph_solution.txt
verma2015/dimacs2010_quasiregular/333SP.graph,dimacs2010,,verma2015_dimacs2010_quasiregular,,,,,5,5,certificates/verma2015_dimacs2010_quasiregular/verma2015/dimacs2010_quasiregular/333SP.graph_solution.txt
verma2015/dimacs2010_quasiregular/audikw1.graph,dimacs2010,,verma2015_dimacs2010_quasiregular,,,,,38.0,0,certificates/verma2015_dimacs2010_quasiregular/verma2015/dimacs2010_quasiregular/audikw1.graph_solution.txt
verma2015/dimacs2010_quasiregular/belgium.osm.graph,dimacs2010,,verma2015_dimacs2010_quasiregular,,,,,3,3,certificates/verma2015_dimacs2010_quasiregular/verma2015/dimacs2010_quasiregular/belgium.osm.graph_solution.txt
verma2015/dimacs2010_quasiregular/cage15.graph,dimacs2010,,verma2015_dimacs2010_quasiregular,,,,,12,0,certificates/verma2015_dimacs2010_quasiregular/verma2015/dimacs2010_quasiregular/cage15.graph_solution.txt
verma2015/dimacs2010_quasiregular/ecology1.graph,dimacs2010,,verma2015_dimacs2010_quasiregular,,,,,2.0,2,certificates/verma2015_dimacs2010_quasiregular/verma2015/dimacs2010_quasiregular/ecology1.graph_solution.txt
verma2015/dimacs2010_quasiregular/G_n_pin_pout.graph,dimacs2010,,verma2015_dimacs2010_quasiregular,,,,,5,0,certificates/verma2015_dimacs2010_quasiregular/verma2015/dimacs2010_quasiregular/G_n_pin_pout.graph_solution.txt
verma2015/dimacs2010_quasiregular/ldoor.graph,dimacs2010,,verma2015_dimacs2010_quasiregular,,,,,28.0,0,certificates/verma2015_dimacs2010_quasiregular/verma2015/dimacs2010_quasiregular/ldoor.graph_solution.txt
verma2015/dimacs2010_quasiregular/luxembourg.osm.graph,dimacs2010,,verma2015_dimacs2010_quasiregular,,,,,3,3,certificates/verma2015_dimacs2010_quasiregular/verma2015/dimacs2010_quasiregular/luxembourg.osm.graph_solution.txt
verma2015/dimacs2010_quasiregular/preferentialAttachment.graph,dimacs2010,,verma2015_dimacs2010_quasiregular,,,,,6,6,certificates/verma2015_dimacs2010_quasiregular/verma2015/dimacs2010_quasiregular/preferentialAttachment.graph_solution.txt
verma2015/dimacs2010_quasiregular/smallworld.graph,dimacs2010,,verma2015_dimacs2010_quasiregular,,,,,6.0,0,certificates/verma2015_dimacs2010_quasiregular/verma2015/dimacs2010_quasiregular/smallworld.graph_solution.txt
verma2015/dimacs2010_quasiregular/wave.graph,dimacs2010,,verma2015_dimacs2010_quasiregular,,,,,8,0,certificates/verma2015_dimacs2010_quasiregular/verma2015/dimacs2010_quasiregular/wave.graph_solution.txt
verma2015/snap/Amazon0302.txt,snap,,verma2015_snap,,,,,7,7,certificates/verma2015_snap/verma2015/snap/Amazon0302.txt_solution.txt
verma2015/snap/Amazon0312.txt,snap,,verma2015_snap,,,,,11,11,certificates/verma2015_snap/verma2015/snap/Amazon0312.txt_solution.txt
verma2015/snap/Amazon0505.txt,snap,,verma2015_snap,,,,,11,11,certificates/verma2015_snap/verma2015/snap/Amazon0505.txt_solution.txt
verma2015/snap/Amazon0601.txt,snap,,verma2015_snap,,,,,11,11,certificates/verma2015_snap/verma2015/snap/Amazon0601.txt_solution.txt
verma2015/snap/Cit-HepPh.txt,snap,,verma2015_snap,,,,,19,19,certificates/verma2015_snap/verma2015/snap/Cit-HepPh.txt_solution.txt
verma2015/snap/Cit-HepTh.txt,snap,,verma2015_snap,,,,,23,0,certificates/verma2015_snap/verma2015/snap/Cit-HepTh.txt_solution.txt
verma2015/snap/cit-Patents.txt,snap,,verma2015_snap,,,,,11,11,certificates/verma2015_snap/verma2015/snap/cit-Patents.txt_solution.txt
verma2015/snap/Email-EuAll.txt,snap,,verma2015_snap,,,,,18.0,0,certificates/verma2015_snap/verma2015/snap/Email-EuAll.txt_solution.txt
verma2015/snap/p2p-Gnutella04.txt,snap,,verma2015_snap,,,,,5,0,certificates/verma2015_snap/verma2015/snap/p2p-Gnutella04.txt_solution.txt
verma2015/snap/p2p-Gnutella24.txt,snap,,verma2015_snap,,,,,5,0,certificates/verma2015_snap/verma2015/snap/p2p-Gnutella24.txt_solution.txt
verma2015/snap/p2p-Gnutella25.txt,snap,,verma2015_snap,,,,,5,0,certificates/verma2015_snap/verma2015/snap/p2p-Gnutella25.txt_solution.txt
verma2015/snap/p2p-Gnutella30.txt,snap,,verma2015_snap,,,,,5,0,certificates/verma2015_snap/verma2015/snap/p2p-Gnutella30.txt_solution.txt
verma2015/snap/p2p-Gnutella31.txt,snap,,verma2015_snap,,,,,5,0,certificates/verma2015_snap/verma2015/snap/p2p-Gnutella31.txt_solution.txt
verma2015/snap/Slashdot0811.txt,snap,,verma2015_snap,,,,,29.0,0,certificates/verma2015_snap/verma2015/snap/Slashdot0811.txt_solution.txt
verma2015/snap/Slashdot0902.txt,snap,,verma2015_snap,,,,,30.0,0,certificates/verma2015_snap/verma2015/snap/Slashdot0902.txt_solution.txt
verma2015/snap/soc-Epinions1.txt,snap,,verma2015_snap,,,,,28,0,
verma2015/snap/web-BerkStan.txt,snap,,verma2015_snap,,,,,201,201,certificates/verma2015_snap/verma2015/snap/web-BerkStan.txt_solution.txt
verma2015/snap/web-Google.txt,snap,,verma2015_snap,,,,,44,44,certificates/verma2015_snap/verma2015/snap/web-Google.txt_solution.txt
verma2015/snap/web-NotreDame.txt,snap,,verma2015_snap,,,,,155,155,certificates/verma2015_snap/verma2015/snap/web-NotreDame.txt_solution.txt
verma2015/snap/web-Stanford.txt,snap,,verma2015_snap,,,,,61,61,certificates/verma2015_snap/verma2015/snap/web-Stanford.txt_solution.txt
verma2015/snap/WikiTalk.txt,snap,,verma2015_snap,,,,,49.0,0,certificates/verma2015_snap/verma2015/snap/WikiTalk.txt_solution.txt
verma2015/snap/Wiki-Vote.txt,snap,,verma2015_snap,,,,,22.0,0,certificates/verma2015_snap/verma2015/snap/Wiki-Vote.txt_solution.txt
cgshop2022/reecn3382.txt,snap,,cgshop2022_reecn,,,,,85,0,certificates/cgshop2022_reecn/cgshop2022/reecn3382.txt_solution.txt
cgshop2022/reecn3988.txt,snap,,cgshop2022_reecn,,,,,71,0,certificates/cgshop2022_reecn/cgshop2022/reecn3988.txt_solution.txt
cgshop2022/reecn6910.txt,snap,,cgshop2022_reecn,,,,,132,0,certificates/cgshop2022_reecn/cgshop2022/reecn6910.txt_solution.txt
cgshop2022/reecn7847.txt,snap,,cgshop2022_reecn,,,,,85,0,certificates/cgshop2022_reecn/cgshop2022/reecn7847.txt_solution.txt
cgshop2022/reecn9674.txt,snap,,cgshop2022_reecn,,,,,147,0,certificates/cgshop2022_reecn/cgshop2022/reecn9674.txt_solution.txt
cgshop2022/reecn11799.txt,snap,,cgshop2022_reecn,,,,,181,0,certificates/cgshop2022_reecn/cgshop2022/reecn11799.txt_solution.txt
cgshop2022/reecn12588.txt,snap,,cgshop2022_reecn,,,,,142,0,certificates/cgshop2022_reecn/cgshop2022/reecn12588.txt_solution.txt
cgshop2022/reecn15355.txt,snap,,cgshop2022_reecn,,,,,185,0,certificates/cgshop2022_reecn/cgshop2022/reecn15355.txt_solution.txt
cgshop2022/reecn16388.txt,snap,,cgshop2022_reecn,,,,,163,0,certificates/cgshop2022_reecn/cgshop2022/reecn16388.txt_solution.txt
cgshop2022/reecn17244.txt,snap,,cgshop2022_reecn,,,,,176,0,certificates/cgshop2022_reecn/cgshop2022/reecn17244.txt_solution.txt
cgshop2022/reecn18615.txt,snap,,cgshop2022_reecn,,,,,152,0,certificates/cgshop2022_reecn/cgshop2022/reecn18615.txt_solution.txt
cgshop2022/reecn21194.txt,snap,,cgshop2022_reecn,,,,,199,0,certificates/cgshop2022_reecn/cgshop2022/reecn21194.txt_solution.txt
cgshop2022/reecn21946.txt,snap,,cgshop2022_reecn,,,,,196,0,certificates/cgshop2022_reecn/cgshop2022/reecn21946.txt_solution.txt
cgshop2022/reecn23484.txt,snap,,cgshop2022_reecn,,,,,190,0,certificates/cgshop2022_reecn/cgshop2022/reecn23484.txt_solution.txt
cgshop2022/reecn23945.txt,snap,,cgshop2022_reecn,,,,,218,0,certificates/cgshop2022_reecn/cgshop2022/reecn23945.txt_solution.txt
cgshop2022/reecn25913.txt,snap,,cgshop2022_reecn,,,,,273,0,certificates/cgshop2022_reecn/cgshop2022/reecn25913.txt_solution.txt
cgshop2022/reecn27494.txt,snap,,cgshop2022_reecn,,,,,201,0,certificates/cgshop2022_reecn/cgshop2022/reecn27494.txt_solution.txt
cgshop2022/reecn29395.txt,snap,,cgshop2022_reecn,,,,,225,0,certificates/cgshop2022_reecn/cgshop2022/reecn29395.txt_solution.txt
cgshop2022/reecn31126.txt,snap,,cgshop2022_reecn,,,,,261,0,certificates/cgshop2022_reecn/cgshop2022/reecn31126.txt_solution.txt
cgshop2022/reecn32569.txt,snap,,cgshop2022_reecn,,,,,297,0,certificates/cgshop2022_reecn/cgshop2022/reecn32569.txt_solution.txt
cgshop2022/rsqrp4637.txt,snap,,cgshop2022_rsqrp,,,,,79,0,certificates/cgshop2022_rsqrp/cgshop2022/rsqrp4637.txt_solution.txt
cgshop2022/rsqrp4641.txt,snap,,cgshop2022_rsqrp,,,,,75,0,certificates/cgshop2022_rsqrp/cgshop2022/rsqrp4641.txt_solution.txt
cgshop2022/rsqrp7320.txt,snap,,cgshop2022_rsqrp,,,,,98,0,certificates/cgshop2022_rsqrp/cgshop2022/rsqrp7320.txt_solution.txt
cgshop2022/rsqrp14364.txt,snap,,cgshop2022_rsqrp,,,,,143,0,certificates/cgshop2022_rsqrp/cgshop2022/rsqrp14364.txt_solution.txt
cgshop2022/rsqrp23406.txt,snap,,cgshop2022_rsqrp,,,,,173,0,certificates/cgshop2022_rsqrp/cgshop2022/rsqrp23406.txt_solution.txt
cgshop2022/rsqrp24641.txt,snap,,cgshop2022_rsqrp,,,,,195,0,certificates/cgshop2022_rsqrp/cgshop2022/rsqrp24641.txt_solution.txt
cgshop2022/rsqrpecn8051.txt,snap,,cgshop2022_rsqrpecn,,,,,194,0,certificates/cgshop2022_rsqrpecn/cgshop2022/rsqrpecn8051.txt_solution.txt
cgshop2022/rvisp3499.txt,snap,,cgshop2022_rvsip,,,,,35,0,certificates/cgshop2022_rvsip/cgshop2022/rvisp3499.txt_solution.txt
cgshop2022/rvisp5013.txt,snap,,cgshop2022_rvsip,,,,,54,0,certificates/cgshop2022_rvsip/cgshop2022/rvisp5013.txt_solution.txt
cgshop2022/rvisp7648.txt,snap,,cgshop2022_rvsip,,,,,48,0,certificates/cgshop2022_rvsip/cgshop2022/rvisp7648.txt_solution.txt
cgshop2022/rvisp8404.txt,snap,,cgshop2022_rvsip,,,,,53,0,certificates/cgshop2022_rvsip/cgshop2022/rvisp8404.txt_solution.txt
cgshop2022/rvisp8432.txt,snap,,cgshop2022_rvsip,,,,,45,0,certificates/cgshop2022_rvsip/cgshop2022/rvisp8432.txt_solution.txt
cgshop2022/rvisp9770.txt,snap,,cgshop2022_rvsip,,,,,67,0,certificates/cgshop2022_rvsip/cgshop2022/rvisp9770.txt_solution.txt
cgshop2022/rvisp10374.txt,snap,,cgshop2022_rvsip,,,,,59,0,certificates/cgshop2022_rvsip/cgshop2022/rvisp10374.txt_solution.txt
cgshop2022/rvisp11339.txt,snap,,cgshop2022_rvsip,,,,,81,0,certificates/cgshop2022_rvsip/cgshop2022/rvisp11339.txt_solution.txt
cgshop2022/rvisp12844.txt,snap,,cgshop2022_rvsip,,,,,57,0,certificates/cgshop2022_rvsip/cgshop2022/rvisp12844.txt_solution.txt
cgshop2022/rvisp14562.txt,snap,,cgshop2022_rvsip,,,,,72,0,certificates/cgshop2022_rvsip/cgshop2022/rvisp14562.txt_solution.txt
cgshop2022/rvisp15254.txt,snap,,cgshop2022_rvsip,,,,,89,0,certificates/cgshop2022_rvsip/cgshop2022/rvisp15254.txt_solution.txt
cgshop2022/rvisp15474.txt,snap,,cgshop2022_rvsip,,,,,101,0,certificates/cgshop2022_rvsip/cgshop2022/rvisp15474.txt_solution.txt
cgshop2022/rvisp20601.txt,snap,,cgshop2022_rvsip,,,,,92,0,certificates/cgshop2022_rvsip/cgshop2022/rvisp20601.txt_solution.txt
cgshop2022/rvisp22145.txt,snap,,cgshop2022_rvsip,,,,,132,0,certificates/cgshop2022_rvsip/cgshop2022/rvisp22145.txt_solution.txt
cgshop2022/rvisp24116.txt,snap,,cgshop2022_rvsip,,,,,119,0,certificates/cgshop2022_rvsip/cgshop2022/rvisp24116.txt_solution.txt
cgshop2022/rvispecn2615.txt,snap,,cgshop2022_rvispecn,,,,,40,0,certificates/cgshop2022_rvispecn/cgshop2022/rvispecn2615.txt_solution.txt
cgshop2022/rvispecn6048.txt,snap,,cgshop2022_rvispecn,,,,,79,0,certificates/cgshop2022_rvispecn/cgshop2022/rvispecn6048.txt_solution.txt
cgshop2022/rvispecn13421.txt,snap,,cgshop2022_rvispecn,,,,,183,0,certificates/cgshop2022_rvispecn/cgshop2022/rvispecn13421.txt_solution.txt
cgshop2022/rvispecn17968.txt,snap,,cgshop2022_rvispecn,,,,,206,0,certificates/cgshop2022_rvispecn/cgshop2022/rvispecn17968.txt_solution.txt
cgshop2022/sqrp7730.txt,snap,,cgshop2022_sqrp,,,,,100,0,certificates/cgshop2022_sqrp/cgshop2022/sqrp7730.txt_solution.txt
cgshop2022/sqrp9831.txt,snap,,cgshop2022_sqrp,,,,,119,0,certificates/cgshop2022_sqrp/cgshop2022/sqrp9831.txt_solution.txt
cgshop2022/sqrp10642.txt,snap,,cgshop2022_sqrp,,,,,132,0,certificates/cgshop2022_sqrp/cgshop2022/sqrp10642.txt_solution.txt
cgshop2022/sqrp12451.txt,snap,,cgshop2022_sqrp,,,,,137,0,certificates/cgshop2022_sqrp/cgshop2022/sqrp12451.txt_solution.txt
cgshop2022/sqrp15532.txt,snap,,cgshop2022_sqrp,,,,,154,0,certificates/cgshop2022_sqrp/cgshop2022/sqrp15532.txt_solution.txt
cgshop2022/sqrp18603.txt,snap,,cgshop2022_sqrp,,,,,165,0,certificates/cgshop2022_sqrp/cgshop2022/sqrp18603.txt_solution.txt
cgshop2022/sqrp20166.txt,snap,,cgshop2022_sqrp,,,,,170,0,certificates/cgshop2022_sqrp/cgshop2022/sqrp20166.txt_solution.txt
cgshop2022/sqrp20602.txt,snap,,cgshop2022_sqrp,,,,,162,0,certificates/cgshop2022_sqrp/cgshop2022/sqrp20602.txt_solution.txt
cgshop2022/sqrp23758.txt,snap,,cgshop2022_sqrp,,,,,190,0,certificates/cgshop2022_sqrp/cgshop2022/sqrp23758.txt_solution.txt
cgshop2022/sqrp26930.txt,snap,,cgshop2022_sqrp,,,,,203,0,certificates/cgshop2022_sqrp/cgshop2022/sqrp26930.txt_solution.txt
cgshop2022/sqrp28863.txt,snap,,cgshop2022_sqrp,,,,,207,0,certificates/cgshop2022_sqrp/cgshop2022/sqrp28863.txt_solution.txt
cgshop2022/sqrp30973.txt,snap,,cgshop2022_sqrp,,,,,215,0,certificates/cgshop2022_sqrp/cgshop2022/sqrp30973.txt_solution.txt
cgshop2022/sqrp32894.txt,snap,,cgshop2022_sqrp,,,,,206,0,certificates/cgshop2022_sqrp/cgshop2022/sqrp32894.txt_solution.txt
cgshop2022/sqrpecn3020.txt,snap,,cgshop2022_sqrpecn,,,,,121,0,certificates/cgshop2022_sqrpecn/cgshop2022/sqrpecn3020.txt_solution.txt
cgshop2022/sqrpecn3218.txt,snap,,cgshop2022_sqrpecn,,,,,123,0,certificates/cgshop2022_sqrpecn/cgshop2022/sqrpecn3218.txt_solution.txt
cgshop2022/sqrpecn5276.txt,snap,,cgshop2022_sqrpecn,,,,,154,0,certificates/cgshop2022_sqrpecn/cgshop2022/sqrpecn5276.txt_solution.txt
cgshop2022/sqrpecn8508.txt,snap,,cgshop2022_sqrpecn,,,,,238,0,certificates/cgshop2022_sqrpecn/cgshop2022/sqrpecn8508.txt_solution.txt
cgshop2022/sqrpecn10560.txt,snap,,cgshop2022_sqrpecn,,,,,267,0,certificates/cgshop2022_sqrpecn/cgshop2022/sqrpecn10560.txt_solution.txt
cgshop2022/sqrpecn10755.txt,snap,,cgshop2022_sqrpecn,,,,,208,0,certificates/cgshop2022_sqrpecn/cgshop2022/sqrpecn10755.txt_solution.txt
cgshop2022/sqrpecn14854.txt,snap,,cgshop2022_sqrpecn,,,,,324,0,certificates/cgshop2022_sqrpecn/cgshop2022/sqrpecn14854.txt_solution.txt
cgshop2022/sqrpecn15605.txt,snap,,cgshop2022_sqrpecn,,,,,361,0,certificates/cgshop2022_sqrpecn/cgshop2022/sqrpecn15605.txt_solution.txt
cgshop2022/sqrpecn17186.txt,snap,,cgshop2022_sqrpecn,,,,,305,0,certificates/cgshop2022_sqrpecn/cgshop2022/sqrpecn17186.txt_solution.txt
cgshop2022/sqrpecn17395.txt,snap,,cgshop2022_sqrpecn,,,,,362,0,certificates/cgshop2022_sqrpecn/cgshop2022/sqrpecn17395.txt_solution.txt
cgshop2022/sqrpecn18520.txt,snap,,cgshop2022_sqrpecn,,,,,352,0,certificates/cgshop2022_sqrpecn/cgshop2022/sqrpecn18520.txt_solution.txt
cgshop2022/sqrpecn19349.txt,snap,,cgshop2022_sqrpecn,,,,,432,0,certificates/cgshop2022_sqrpecn/cgshop2022/sqrpecn19349.txt_solution.txt
cgshop2022/sqrpecn23715.txt,snap,,cgshop2022_sqrpecn,,,,,457,0,certificates/cgshop2022_sqrpecn/cgshop2022/sqrpecn23715.txt_solution.txt
cgshop2022/sqrpecn23873.txt,snap,,cgshop2022_sqrpecn,,,,,410,0,certificates/cgshop2022_sqrpecn/cgshop2022/sqrpecn23873.txt_solution.txt
cgshop2022/sqrpecn27255.txt,snap,,cgshop2022_sqrpecn,,,,,387,0,certificates/cgshop2022_sqrpecn/cgshop2022/sqrpecn27255.txt_solution.txt
cgshop2022/sqrpecn29223.txt,snap,,cgshop2022_sqrpecn,,,,,433,0,certificates/cgshop2022_sqrpecn/cgshop2022/sqrpecn29223.txt_solution.txt
cgshop2022/sqrpecn30017.txt,snap,,cgshop2022_sqrpecn,,,,,386,0,certificates/cgshop2022_sqrpecn/cgshop2022/sqrpecn30017.txt_solution.txt
cgshop2022/sqrpecn30957.txt,snap,,cgshop2022_sqrpecn,,,,,416,0,certificates/cgshop2022_sqrpecn/cgshop2022/sqrpecn30957.txt_solution.txt
cgshop2022/sqrpecn31026.txt,snap,,cgshop2022_sqrpecn,,,,,432,0,certificates/cgshop2022_sqrpecn/cgshop2022/sqrpecn31026.txt_solution.txt
cgshop2022/sqrpecn32073.txt,snap,,cgshop2022_sqrpecn,,,,,487,0,certificates/cgshop2022_sqrpecn/cgshop2022/sqrpecn32073.txt_solution.txt
cgshop2022/visp26405.txt,snap,,cgshop2022_visp,,,,,90,0,certificates/cgshop2022_visp/cgshop2022/visp26405.txt_solution.txt
cgshop2022/visp27975.txt,snap,,cgshop2022_visp,,,,,54,0,certificates/cgshop2022_visp/cgshop2022/visp27975.txt_solution.txt
cgshop2022/visp29489.txt,snap,,cgshop2022_visp,,,,,120,0,certificates/cgshop2022_visp/cgshop2022/visp29489.txt_solution.txt
cgshop2022/visp31334.txt,snap,,cgshop2022_visp,,,,,92,0,certificates/cgshop2022_visp/cgshop2022/visp31334.txt_solution.txt
cgshop2022/visp32354.txt,snap,,cgshop2022_visp,,,,,93,0,certificates/cgshop2022_visp/cgshop2022/visp32354.txt_solution.txt
cgshop2022/vispecn2518.txt,snap,,cgshop2022_vispecn,,,,,63,0,certificates/cgshop2022_vispecn/cgshop2022/vispecn2518.txt_solution.txt
cgshop2022/vispecn5478.txt,snap,,cgshop2022_vispecn,,,,,125,0,certificates/cgshop2022_vispecn/cgshop2022/vispecn5478.txt_solution.txt
cgshop2022/vispecn7028.txt,snap,,cgshop2022_vispecn,,,,,137,0,certificates/cgshop2022_vispecn/cgshop2022/vispecn7028.txt_solution.txt
cgshop2022/vispecn10178.txt,snap,,cgshop2022_vispecn,,,,,128,0,certificates/cgshop2022_vispecn/cgshop2022/vispecn10178.txt_solution.txt
cgshop2022/vispecn11917.txt,snap,,cgshop2022_vispecn,,,,,157,0,certificates/cgshop2022_vispecn/cgshop2022/vispecn11917.txt_solution.txt
cgshop2022/vispecn13806.txt,snap,,cgshop2022_vispecn,,,,,259,0,certificates/cgshop2022_vispecn/cgshop2022/vispecn13806.txt_solution.txt
cgshop2022/vispecn15912.txt,snap,,cgshop2022_vispecn,,,,,220,0,certificates/cgshop2022_vispecn/cgshop2022/vispecn15912.txt_solution.txt
cgshop2022/vispecn16227.txt,snap,,cgshop2022_vispecn,,,,,297,0,certificates/cgshop2022_vispecn/cgshop2022/vispecn16227.txt_solution.txt
cgshop2022/vispecn17665.txt,snap,,cgshop2022_vispecn,,,,,308,0,certificates/cgshop2022_vispecn/cgshop2022/vispecn17665.txt_solution.txt
cgshop2022/vispecn19370.txt,snap,,cgshop2022_vispecn,,,,,231,0,certificates/cgshop2022_vispecn/cgshop2022/vispecn19370.txt_solution.txt
cgshop2022/vispecn20413.txt,snap,,cgshop2022_vispecn,,,,,349,0,certificates/cgshop2022_vispecn/cgshop2022/vispecn20413.txt_solution.txt
cgshop2022/vispecn25263.txt,snap,,cgshop2022_vispecn,,,,,187,0,certificates/cgshop2022_vispecn/cgshop2022/vispecn25263.txt_solution.txt
cgshop2022/vispecn26025.txt,snap,,cgshop2022_vispecn,,,,,236,0,certificates/cgshop2022_vispecn/cgshop2022/vispecn26025.txt_solution.txt
cgshop2022/vispecn26166.txt,snap,,cgshop2022_vispecn,,,,,326,0,certificates/cgshop2022_vispecn/cgshop2022/vispecn26166.txt_solution.txt
cgshop2022/vispecn26914.txt,snap,,cgshop2022_vispecn,,,,,216,0,certificates/cgshop2022_vispecn/cgshop2022/vispecn26914.txt_solution.txt
cgshop2022/vispecn27222.txt,snap,,cgshop2022_vispecn,,,,,213,0,certificates/cgshop2022_vispecn/cgshop2022/vispecn27222.txt_solution.txt
cgshop2022/vispecn27480.txt,snap,,cgshop2022_vispecn,,,,,183,0,certificates/cgshop2022_vispecn/cgshop2022/vispecn27480.txt_solution.txt
cgshop2022/vispecn27572.txt,snap,,cgshop2022_vispecn,,,,,357,0,certificates/cgshop2022_vispecn/cgshop2022/vispecn27572.txt_solution.txt
cgshop2022/vispecn28567.txt,snap,,cgshop2022_vispecn,,,,,306,0,certificates/cgshop2022_vispecn/cgshop2022/vispecn28567.txt_solution.txt
cgshop2022/vispecn31031.txt,snap,,cgshop2022_vispecn,,,,,267,0,certificates/cgshop2022_vispecn/cgshop2022/vispecn31031.txt_solution.txt
